{"access_token": "ya29.Glx_Bj-FHWVXoKOB76fc7C_FW6C9oZYEDacfl7XxpNL-c1liMbXj0tJnmTDdDxO_mon0dML3uMhmQqQ0zaadMTbo0_BdscK3FTqaZg2PJo9jkyu8c_Dw7hVX_4wjiA", "client_id": "913746217282-sutmcl483171nptnoc6qqd9c4p8i6b33.apps.googleusercontent.com", "client_secret": "ANa16Yu2yH2SMLhPomHQkO5E", "refresh_token": "1/Z_xDNedt2IzaU0rkjphZd19nYgVzf82i6GyfxlUGbxU", "token_expiry": "2018-12-27T14:20:16Z", "token_uri": "https://www.googleapis.com/oauth2/v3/token", "user_agent": null, "revoke_uri": "https://oauth2.googleapis.com/revoke", "id_token": null, "id_token_jwt": null, "token_response": {"access_token": "ya29.Glx_Bj-FHWVXoKOB76fc7C_FW6C9oZYEDacfl7XxpNL-c1liMbXj0tJnmTDdDxO_mon0dML3uMhmQqQ0zaadMTbo0_BdscK3FTqaZg2PJo9jkyu8c_Dw7hVX_4wjiA", "expires_in": 3600, "scope": "https://www.googleapis.com/auth/youtube.force-ssl", "token_type": "Bearer"}, "scopes": ["https://www.googleapis.com/auth/youtube.force-ssl"], "token_info_uri": "https://oauth2.googleapis.com/tokeninfo", "invalid": false, "_class": "OAuth2Credentials", "_module": "oauth2client.client"}